train_rmse,train_mae,train_r2,train_mape,test_rmse,test_mae,test_r2,test_mape,cv_rmse_mean,cv_rmse_std,cv_mae_mean,cv_mae_std,cv_r2_mean,cv_r2_std
1.2472365889572772,0.8665551017911786,0.7059925670419523,6877222450554441.0,1.778362566658577,1.1102935303167167,0.2913686824206091,3903593575811436.5,1.7230738114411905,0.23798922544097476,1.1378632408409304,0.09080544323855141,0.35809075402833573,0.14013793989283865
