train_rmse,train_mae,train_r2,train_mape,test_rmse,test_mae,test_r2,test_mape
0.2505987015346302,0.1429779483014755,0.992693516997341,731699430942026.6,0.6242637108504366,0.2801155416306131,0.9130617656109471,1990992716665802.2
