train_rmse,train_mae,train_r2,train_mape,test_rmse,test_mae,test_r2,test_mape,cv_rmse_mean,cv_rmse_std,cv_mae_mean,cv_mae_std,cv_r2_mean,cv_r2_std
1.2103962898778093,0.820831809069834,0.7334744631737796,39.27446971005708,1.8261246552389157,1.0797724480299424,0.34534761994512175,45.59605159314036,1.7149846564655267,0.17237924595880302,1.1690699307007268,0.2613843917602262,0.23926967101332072,0.24860293851963888
