train_rmse,train_mae,train_r2,train_smape,test_rmse,test_mae,test_r2,test_smape,cv_rmse_mean,cv_rmse_std,cv_mae_mean,cv_mae_std,cv_r2_mean,cv_r2_std
1.3673746563904619,0.8121968025452063,0.7096083449282911,28.086694276168988,2.011539479011776,1.064171812369922,0.40710958477936365,36.56907589786507,1.8857532865315598,0.2706771919453744,1.1074651342867898,0.07394623848365527,0.4086203322656271,0.05010447124644069
