train_rmse,train_mae,train_r2,train_mape,test_rmse,test_mae,test_r2,test_mape,cv_rmse_mean,cv_rmse_std,cv_mae_mean,cv_mae_std,cv_r2_mean,cv_r2_std
1.162606969790542,0.8077368165093369,0.7445379052980989,6402655421388041.0,1.7581617150356093,1.101945270735576,0.30737627596750194,3951548761485307.0,1.7284806573524254,0.24662838119668073,1.143110936620961,0.10792472223807488,0.3533039671227837,0.1485037768310762
