train_rmse,train_mae,train_r2,train_smape,test_rmse,test_mae,test_r2,test_smape,cv_rmse_mean,cv_rmse_std,cv_mae_mean,cv_mae_std,cv_r2_mean,cv_r2_std
0.9202015505391153,0.5862983293746405,0.6403009554667867,26.530032985592566,1.4591529913612975,0.8501632452261023,0.26733559887949043,37.60492855352317,1.2925809086264006,0.15337877657003995,0.838294194501389,0.03253112691970709,0.2907562326023324,0.022666948192763197
