train_rmse,train_mae,train_r2,train_mape,test_rmse,test_mae,test_r2,test_mape,cv_rmse_mean,cv_rmse_std,cv_mae_mean,cv_mae_std,cv_r2_mean,cv_r2_std
1.255154879992205,0.8602634953506979,0.47280714621923603,1.3465549626093125e+17,1.7854838524771954,1.0371401202463673,0.09557040776710923,1.3043697614766573e+17,1.5922157950216014,0.16131669870503562,1.050325095624809,0.06981236985419845,0.1602629158702849,0.05957826315650724
