train_rmse,train_mae,train_r2,train_mape,test_rmse,test_mae,test_r2,test_mape,cv_rmse_mean,cv_rmse_std,cv_mae_mean,cv_mae_std,cv_r2_mean,cv_r2_std
1.1552133307684542,0.8188920396245742,0.7477768134315176,5982141791875473.0,1.7508501671945886,1.1125643468764892,0.31312503215898546,3818024222233130.5,1.7005243026719516,0.21822403146494632,1.1413808094706512,0.11035717016170195,0.37397518655891065,0.13627240312602235
