train_rmse,train_mae,train_r2,train_mape,test_rmse,test_mae,test_r2,test_mape,cv_rmse_mean,cv_rmse_std,cv_mae_mean,cv_mae_std,cv_r2_mean,cv_r2_std
1.1268373670552994,0.7868621334351146,0.7600155484803591,6277949944675012.0,1.7590953292845268,1.1065768846067559,0.3066404903321228,3786383336154415.0,1.731646282527723,0.23292337187729598,1.1563111780922195,0.11345342893307789,0.35166452826275796,0.14364621261311794
