train_rmse,train_mae,train_r2,train_mape,test_rmse,test_mae,test_r2,test_mape,cv_rmse_mean,cv_rmse_std,cv_mae_mean,cv_mae_std,cv_r2_mean,cv_r2_std
1.1462035205085968,0.7680143301015131,0.4972314549805249,42.62631347667731,1.4692000255258462,0.8696816246839439,0.2886429381750176,50.34201131196113,1.3774561738695654,0.15038095529756187,0.8607447531209049,0.024374267029234623,0.26208129677115577,0.02932516963724823
