train_rmse,train_mae,train_r2,train_mape,test_rmse,test_mae,test_r2,test_mape,cv_rmse_mean,cv_rmse_std,cv_mae_mean,cv_mae_std,cv_r2_mean,cv_r2_std
1.091010430107946,0.757580211833162,0.7826899863456469,37.09126235208048,1.900014996731802,1.116752534205789,0.28146587400096046,51.00480842669056,1.6557677747883788,0.15869053373046949,1.0826021154357357,0.1288346805710001,0.3043887730088338,0.12367014232291591
