train_rmse,train_mae,train_r2,train_smape,test_rmse,test_mae,test_r2,test_smape,cv_rmse_mean,cv_rmse_std,cv_mae_mean,cv_mae_std,cv_r2_mean,cv_r2_std
1.1265303062316927,0.7114214777415334,0.4609126732657647,31.503163680048445,1.456437996568543,0.8456071821398705,0.270059548248589,37.60059199481816,1.2993540714331382,0.1547137807631615,0.8331726647803303,0.030102133992617366,0.28368844900040696,0.014630508958696452
