train_rmse,train_mae,train_r2,train_smape,test_rmse,test_mae,test_r2,test_smape,cv_rmse_mean,cv_rmse_std,cv_mae_mean,cv_mae_std,cv_r2_mean,cv_r2_std
1.3024931892472693,0.86446800461758,0.5607649884760212,32.357681318792565,1.3286109998709346,0.8482572150429171,0.4612565427927119,34.28175410134305,1.4265920215331542,0.13575539466344613,0.9596463803986616,0.07646107434126151,0.44859551795286967,0.033089441036366865
