train_rmse,train_mae,train_r2,train_mape,test_rmse,test_mae,test_r2,test_mape,cv_rmse_mean,cv_rmse_std,cv_mae_mean,cv_mae_std,cv_r2_mean,cv_r2_std
1.1324494275544066,0.7456792819775023,0.4515357295656469,42.621292329166565,1.2905908473462275,0.8291718284464608,0.15246420755184387,47.79832854703813,1.2416950037998464,0.06270902047014246,0.8175115135605362,0.04066637256145857,0.18680521869044764,0.05987549198470748
