train_rmse,train_mae,train_r2,train_smape,test_rmse,test_mae,test_r2,test_smape,cv_rmse_mean,cv_rmse_std,cv_mae_mean,cv_mae_std,cv_r2_mean,cv_r2_std
1.2340255965924742,0.7345468068185359,0.4172356734210376,32.332567373122686,1.4753911801361552,0.8461218249497924,0.28263504152521435,37.73128319438966,1.379972449868319,0.18038602428838832,0.8404541210469751,0.03286361594872723,0.26376573109441764,0.020234552642491712
