train_rmse,train_mae,train_r2,train_mape,test_rmse,test_mae,test_r2,test_mape,cv_rmse_mean,cv_rmse_std,cv_mae_mean,cv_mae_std,cv_r2_mean,cv_r2_std
1.2295249967953985,0.8672577956023679,0.7142834814371979,6428678842011157.0,1.7775374175082506,1.1142506173336841,0.2920261308912665,3849883522060382.0,1.7164758138899727,0.22413666756825007,1.1519719063947744,0.0895524353310555,0.36442268042578607,0.12885366139054724
