train_rmse,train_mae,train_r2,train_smape,test_rmse,test_mae,test_r2,test_smape,cv_rmse_mean,cv_rmse_std,cv_mae_mean,cv_mae_std,cv_r2_mean,cv_r2_std
0.9491227059244149,0.5852488277018921,0.6173355750914704,26.839768339542218,1.4228869539200886,0.8897874928167406,0.3033025423454063,39.662597117078136,1.301055640934187,0.12922137930123376,0.8721465602934304,0.03582572402877267,0.2785167076476967,0.025608548939181054
