train_rmse,train_mae,train_r2,train_smape,test_rmse,test_mae,test_r2,test_smape,cv_rmse_mean,cv_rmse_std,cv_mae_mean,cv_mae_std,cv_r2_mean,cv_r2_std
1.0888841540375254,0.6969435611631624,0.49634086142098477,31.25498319386405,1.4262603610126576,0.8452417786297558,0.2999951395471637,37.390740295484406,1.2907769538795182,0.16173628052503536,0.835248024488403,0.034231704050061255,0.29385959339569023,0.02486463798002115
