train_rmse,train_mae,train_r2,train_mape,test_rmse,test_mae,test_r2,test_mape,cv_rmse_mean,cv_rmse_std,cv_mae_mean,cv_mae_std,cv_r2_mean,cv_r2_std
1.4506296392620304,0.9599997212464486,0.4906434394728456,1.3873135195289178e+17,2.037164011873262,1.106351005624097,0.2094924361075986,1.2322975399196418e+17,1.812054867505583,0.18065395692722647,1.119960698430485,0.05599711318384728,0.2430706237375885,0.06228693753378466
