train_rmse,train_mae,train_r2,train_mape,test_rmse,test_mae,test_r2,test_mape,cv_rmse_mean,cv_rmse_std,cv_mae_mean,cv_mae_std,cv_r2_mean,cv_r2_std
1.148363687801391,0.8158274830256712,0.7507589758745778,6064289843395880.0,1.7430488812498266,1.0963851570125565,0.31923243089076847,3456029091719960.0,1.699413478537092,0.21931581817202608,1.152066521483343,0.1132182030240413,0.37429114722439705,0.1393055638503601
